Ticker,Source,Date
AAON,Finviz-Growth,2025-05-29
ACAD,Finviz-Growth,2025-05-29
ACIW,Finviz-Growth,2025-05-29
ADC,Finviz-Growth,2025-05-29
ADMA,Finviz-Growth,2025-05-29
AGO,Finviz-Growth,2025-05-29
ALVO,Finviz-Growth,2025-05-29
APPF,Finviz-Growth,2025-05-29
AROC,Finviz-Growth,2025-05-29
ATAT,Finviz-Growth,2025-05-29
ATGE,Finviz-Growth,2025-05-29
AUB,Finviz-Growth,2025-05-29
AWI,Finviz-Growth,2025-05-29
AYI,Finviz-Growth,2025-05-29
BKH,Finviz-Growth,2025-05-29
BMI,Finviz-Growth,2025-05-29
BRBR,Finviz-Growth,2025-05-29
BRC,Finviz-Growth,2025-05-29
BUR,Finviz-Growth,2025-05-29
BVN,Finviz-Growth,2025-05-29
BZ,Finviz-Growth,2025-05-29
CACC,Finviz-Growth,2025-05-29
CALM,Finviz-Growth,2025-05-29
CAMT,Finviz-Growth,2025-05-29
CAVA,Finviz-Growth,2025-05-29
CDE,Finviz-Growth,2025-05-29
CEPU,Finviz-Growth,2025-05-29
CHA,Finviz-Growth,2025-05-29
CHRD,Finviz-Growth,2025-05-29
CNS,Finviz-Growth,2025-05-29
COCO,Finviz-Growth,2025-05-29
CPK,Finviz-Growth,2025-05-29
CPRX,Finviz-Growth,2025-05-29
CRC,Finviz-Growth,2025-05-29
CRUS,Finviz-Growth,2025-05-29
CRVL,Finviz-Growth,2025-05-29
CTRE,Finviz-Growth,2025-05-29
CWAN,Finviz-Growth,2025-05-29
DAVE,Finviz-Growth,2025-05-29
DLO,Finviz-Growth,2025-05-29
DOCN,Finviz-Growth,2025-05-29
DOCS,Finviz-Growth,2025-05-29
DSGX,Finviz-Growth,2025-05-29
EGO,Finviz-Growth,2025-05-29
EGP,Finviz-Growth,2025-05-29
ENPH,Finviz-Growth,2025-05-29
EPRT,Finviz-Growth,2025-05-29
EQX,Finviz-Growth,2025-05-29
EVR,Finviz-Growth,2025-05-29
EVTC,Finviz-Growth,2025-05-29
EXLS,Finviz-Growth,2025-05-29
FFIN,Finviz-Growth,2025-05-29
FN,Finviz-Growth,2025-05-29
FTDR,Finviz-Growth,2025-05-29
FULT,Finviz-Growth,2025-05-29
GATX,Finviz-Growth,2025-05-29
GRBK,Finviz-Growth,2025-05-29
HALO,Finviz-Growth,2025-05-29
HG,Finviz-Growth,2025-05-29
HHH,Finviz-Growth,2025-05-29
HLNE,Finviz-Growth,2025-05-29
HMY,Finviz-Growth,2025-05-29
IAG,Finviz-Growth,2025-05-29
KRYS,Finviz-Growth,2025-05-29
LEU,Finviz-Growth,2025-05-29
LRN,Finviz-Growth,2025-05-29
MC,Finviz-Growth,2025-05-29
MGEE,Finviz-Growth,2025-05-29
MLI,Finviz-Growth,2025-05-29
MNSO,Finviz-Growth,2025-05-29
MQ,Finviz-Growth,2025-05-29
MTDR,Finviz-Growth,2025-05-29
NE,Finviz-Growth,2025-05-29
NJR,Finviz-Growth,2025-05-29
NMIH,Finviz-Growth,2025-05-29
NVMI,Finviz-Growth,2025-05-29
NXT,Finviz-Growth,2025-05-29
ODD,Finviz-Growth,2025-05-29
OGE,Finviz-Growth,2025-05-29
OGS,Finviz-Growth,2025-05-29
ONTO,Finviz-Growth,2025-05-29
OR,Finviz-Growth,2025-05-29
PAAS,Finviz-Growth,2025-05-29
PAX,Finviz-Growth,2025-05-29
PECO,Finviz-Growth,2025-05-29
PEGA,Finviz-Growth,2025-05-29
PFS,Finviz-Growth,2025-05-29
PLMR,Finviz-Growth,2025-05-29
PLNT,Finviz-Growth,2025-05-29
PRDO,Finviz-Growth,2025-05-29
PTCT,Finviz-Growth,2025-05-29
QFIN,Finviz-Growth,2025-05-29
REXR,Finviz-Growth,2025-05-29
RHP,Finviz-Growth,2025-05-29
RITM,Finviz-Growth,2025-05-29
RMBS,Finviz-Growth,2025-05-29
RRC,Finviz-Growth,2025-05-29
SAND,Finviz-Growth,2025-05-29
SEZL,Finviz-Growth,2025-05-29
SKWD,Finviz-Growth,2025-05-29
SM,Finviz-Growth,2025-05-29
SMPL,Finviz-Growth,2025-05-29
SPSC,Finviz-Growth,2025-05-29
SSB,Finviz-Growth,2025-05-29
SYBT,Finviz-Growth,2025-05-29
SYNA,Finviz-Growth,2025-05-29
TBBK,Finviz-Growth,2025-05-29
TGLS,Finviz-Growth,2025-05-29
TGS,Finviz-Growth,2025-05-29
TGTX,Finviz-Growth,2025-05-29
TMDX,Finviz-Growth,2025-05-29
TMHC,Finviz-Growth,2025-05-29
TOWN,Finviz-Growth,2025-05-29
TRNO,Finviz-Growth,2025-05-29
TXNM,Finviz-Growth,2025-05-29
UMBF,Finviz-Growth,2025-05-29
VAL,Finviz-Growth,2025-05-29
VIRT,Finviz-Growth,2025-05-29
VIST,Finviz-Growth,2025-05-29
VNOM,Finviz-Growth,2025-05-29
WH,Finviz-Growth,2025-05-29
WING,Finviz-Growth,2025-05-29
YOU,Finviz-Growth,2025-05-29
ZIM,Finviz-Growth,2025-05-29
AA,Finviz-Value,2025-05-29
ABCB,Finviz-Value,2025-05-29
ADT,Finviz-Value,2025-05-29
AEG,Finviz-Value,2025-05-29
AER,Finviz-Value,2025-05-29
AGRO,Finviz-Value,2025-05-29
AIG,Finviz-Value,2025-05-29
AL,Finviz-Value,2025-05-29
ALAR,Finviz-Value,2025-05-29
AMAL,Finviz-Value,2025-05-29
AMG,Finviz-Value,2025-05-29
ANGI,Finviz-Value,2025-05-29
AOMR,Finviz-Value,2025-05-29
APTV,Finviz-Value,2025-05-29
ARDT,Finviz-Value,2025-05-29
ASIX,Finviz-Value,2025-05-29
ATHM,Finviz-Value,2025-05-29
AVA,Finviz-Value,2025-05-29
AVAL,Finviz-Value,2025-05-29
AVTR,Finviz-Value,2025-05-29
AXS,Finviz-Value,2025-05-29
B,Finviz-Value,2025-05-29
BABA,Finviz-Value,2025-05-29
BAC,Finviz-Value,2025-05-29
BANR,Finviz-Value,2025-05-29
BAP,Finviz-Value,2025-05-29
BBD,Finviz-Value,2025-05-29
BCS,Finviz-Value,2025-05-29
BFST,Finviz-Value,2025-05-29
BHLB,Finviz-Value,2025-05-29
BK,Finviz-Value,2025-05-29
BKU,Finviz-Value,2025-05-29
BLX,Finviz-Value,2025-05-29
BMA,Finviz-Value,2025-05-29
BMO,Finviz-Value,2025-05-29
BNS,Finviz-Value,2025-05-29
BOH,Finviz-Value,2025-05-29
BPOP,Finviz-Value,2025-05-29
BTE,Finviz-Value,2025-05-29
C,Finviz-Value,2025-05-29
CADE,Finviz-Value,2025-05-29
CARS,Finviz-Value,2025-05-29
CATY,Finviz-Value,2025-05-29
CBU,Finviz-Value,2025-05-29
CENT,Finviz-Value,2025-05-29
CENTA,Finviz-Value,2025-05-29
CFFN,Finviz-Value,2025-05-29
CFG,Finviz-Value,2025-05-29
CIM,Finviz-Value,2025-05-29
CM,Finviz-Value,2025-05-29
CMA,Finviz-Value,2025-05-29
CMCL,Finviz-Value,2025-05-29
CMRE,Finviz-Value,2025-05-29
CNC,Finviz-Value,2025-05-29
CNDT,Finviz-Value,2025-05-29
CNMD,Finviz-Value,2025-05-29
CNXC,Finviz-Value,2025-05-29
CNXN,Finviz-Value,2025-05-29
COF,Finviz-Value,2025-05-29
COOP,Finviz-Value,2025-05-29
CPA,Finviz-Value,2025-05-29
CPF,Finviz-Value,2025-05-29
CTRA,Finviz-Value,2025-05-29
CUBI,Finviz-Value,2025-05-29
CVBF,Finviz-Value,2025-05-29
CVS,Finviz-Value,2025-05-29
CWK,Finviz-Value,2025-05-29
CX,Finviz-Value,2025-05-29
CYD,Finviz-Value,2025-05-29
DB,Finviz-Value,2025-05-29
DGICA,Finviz-Value,2025-05-29
DLX,Finviz-Value,2025-05-29
DOLE,Finviz-Value,2025-05-29
DUK,Finviz-Value,2025-05-29
DX,Finviz-Value,2025-05-29
EBF,Finviz-Value,2025-05-29
EBR,Finviz-Value,2025-05-29
ED,Finviz-Value,2025-05-29
EFC,Finviz-Value,2025-05-29
EFSC,Finviz-Value,2025-05-29
EFXT,Finviz-Value,2025-05-29
EG,Finviz-Value,2025-05-29
EIC,Finviz-Value,2025-05-29
EIX,Finviz-Value,2025-05-29
ENVA,Finviz-Value,2025-05-29
ESNT,Finviz-Value,2025-05-29
ET,Finviz-Value,2025-05-29
EVRG,Finviz-Value,2025-05-29
EWBC,Finviz-Value,2025-05-29
EXC,Finviz-Value,2025-05-29
EZPW,Finviz-Value,2025-05-29
FBK,Finviz-Value,2025-05-29
FBNC,Finviz-Value,2025-05-29
FBP,Finviz-Value,2025-05-29
FBRT,Finviz-Value,2025-05-29
FDP,Finviz-Value,2025-05-29
FDX,Finviz-Value,2025-05-29
FFBC,Finviz-Value,2025-05-29
FHB,Finviz-Value,2025-05-29
FHN,Finviz-Value,2025-05-29
FIBK,Finviz-Value,2025-05-29
FINV,Finviz-Value,2025-05-29
FITB,Finviz-Value,2025-05-29
FLR,Finviz-Value,2025-05-29
FNB,Finviz-Value,2025-05-29
FNF,Finviz-Value,2025-05-29
FOX,Finviz-Value,2025-05-29
FRME,Finviz-Value,2025-05-29
FSM,Finviz-Value,2025-05-29
FSUN,Finviz-Value,2025-05-29
GAIN,Finviz-Value,2025-05-29
GBX,Finviz-Value,2025-05-29
GL,Finviz-Value,2025-05-29
GLDD,Finviz-Value,2025-05-29
GLRE,Finviz-Value,2025-05-29
GPI,Finviz-Value,2025-05-29
GPN,Finviz-Value,2025-05-29
GS,Finviz-Value,2025-05-29
GT,Finviz-Value,2025-05-29
HAFC,Finviz-Value,2025-05-29
HBAN,Finviz-Value,2025-05-29
HBNC,Finviz-Value,2025-05-29
HFWA,Finviz-Value,2025-05-29
HII,Finviz-Value,2025-05-29
HIW,Finviz-Value,2025-05-29
HLX,Finviz-Value,2025-05-29
HMC,Finviz-Value,2025-05-29
HMN,Finviz-Value,2025-05-29
HOMB,Finviz-Value,2025-05-29
HONE,Finviz-Value,2025-05-29
HSBC,Finviz-Value,2025-05-29
HTBK,Finviz-Value,2025-05-29
HTO,Finviz-Value,2025-05-29
HUBG,Finviz-Value,2025-05-29
HUM,Finviz-Value,2025-05-29
HVT,Finviz-Value,2025-05-29
HWC,Finviz-Value,2025-05-29
IBCP,Finviz-Value,2025-05-29
IFS,Finviz-Value,2025-05-29
IGT,Finviz-Value,2025-05-29
IIIV,Finviz-Value,2025-05-29
INDB,Finviz-Value,2025-05-29
INGM,Finviz-Value,2025-05-29
IX,Finviz-Value,2025-05-29
KB,Finviz-Value,2025-05-29
KEP,Finviz-Value,2025-05-29
KFY,Finviz-Value,2025-05-29
KGEI,Finviz-Value,2025-05-29
KMPR,Finviz-Value,2025-05-29
KMX,Finviz-Value,2025-05-29
KOF,Finviz-Value,2025-05-29
LAD,Finviz-Value,2025-05-29
LCII,Finviz-Value,2025-05-29
LKQ,Finviz-Value,2025-05-29
LNC,Finviz-Value,2025-05-29
LOMA,Finviz-Value,2025-05-29
LPG,Finviz-Value,2025-05-29
LX,Finviz-Value,2025-05-29
LXFR,Finviz-Value,2025-05-29
MCB,Finviz-Value,2025-05-29
MDU,Finviz-Value,2025-05-29
MET,Finviz-Value,2025-05-29
MFC,Finviz-Value,2025-05-29
MFG,Finviz-Value,2025-05-29
MITT,Finviz-Value,2025-05-29
MNR,Finviz-Value,2025-05-29
MOMO,Finviz-Value,2025-05-29
MPB,Finviz-Value,2025-05-29
MT,Finviz-Value,2025-05-29
MTB,Finviz-Value,2025-05-29
MTG,Finviz-Value,2025-05-29
MUFG,Finviz-Value,2025-05-29
NAT,Finviz-Value,2025-05-29
NBBK,Finviz-Value,2025-05-29
NBTB,Finviz-Value,2025-05-29
NEM,Finviz-Value,2025-05-29
NEWT,Finviz-Value,2025-05-29
NEXN,Finviz-Value,2025-05-29
NFBK,Finviz-Value,2025-05-29
NGG,Finviz-Value,2025-05-29
NMFC,Finviz-Value,2025-05-29
NOAH,Finviz-Value,2025-05-29
NOMD,Finviz-Value,2025-05-29
NTB,Finviz-Value,2025-05-29
NVGS,Finviz-Value,2025-05-29
NWBI,Finviz-Value,2025-05-29
NWE,Finviz-Value,2025-05-29
NWG,Finviz-Value,2025-05-29
NWN,Finviz-Value,2025-05-29
OBK,Finviz-Value,2025-05-29
OMF,Finviz-Value,2025-05-29
ONB,Finviz-Value,2025-05-29
ORC,Finviz-Value,2025-05-29
ORI,Finviz-Value,2025-05-29
ORRF,Finviz-Value,2025-05-29
OXLC,Finviz-Value,2025-05-29
PAA,Finviz-Value,2025-05-29
PAGS,Finviz-Value,2025-05-29
PB,Finviz-Value,2025-05-29
PBR,Finviz-Value,2025-05-29
PBR-A,Finviz-Value,2025-05-29
PCG,Finviz-Value,2025-05-29
PFG,Finviz-Value,2025-05-29
PFLT,Finviz-Value,2025-05-29
PFSI,Finviz-Value,2025-05-29
PGC,Finviz-Value,2025-05-29
PLUS,Finviz-Value,2025-05-29
PNC,Finviz-Value,2025-05-29
PNFP,Finviz-Value,2025-05-29
POR,Finviz-Value,2025-05-29
POST,Finviz-Value,2025-05-29
PRU,Finviz-Value,2025-05-29
PUK,Finviz-Value,2025-05-29
PVH,Finviz-Value,2025-05-29
RF,Finviz-Value,2025-05-29
RGA,Finviz-Value,2025-05-29
RGR,Finviz-Value,2025-05-29
RLGT,Finviz-Value,2025-05-29
RMAX,Finviz-Value,2025-05-29
RMR,Finviz-Value,2025-05-29
ROCK,Finviz-Value,2025-05-29
SAFE,Finviz-Value,2025-05-29
SAN,Finviz-Value,2025-05-29
SBCF,Finviz-Value,2025-05-29
SBH,Finviz-Value,2025-05-29
SCSC,Finviz-Value,2025-05-29
SD,Finviz-Value,2025-05-29
SEM,Finviz-Value,2025-05-29
SFNC,Finviz-Value,2025-05-29
SHBI,Finviz-Value,2025-05-29
SHG,Finviz-Value,2025-05-29
SKYW,Finviz-Value,2025-05-29
SMFG,Finviz-Value,2025-05-29
SMP,Finviz-Value,2025-05-29
SNCY,Finviz-Value,2025-05-29
SNV,Finviz-Value,2025-05-29
SNX,Finviz-Value,2025-05-29
SR,Finviz-Value,2025-05-29
SRCE,Finviz-Value,2025-05-29
SSTK,Finviz-Value,2025-05-29
STOK,Finviz-Value,2025-05-29
STRA,Finviz-Value,2025-05-29
STT,Finviz-Value,2025-05-29
SUNS,Finviz-Value,2025-05-29
SVM,Finviz-Value,2025-05-29
SYF,Finviz-Value,2025-05-29
TAP,Finviz-Value,2025-05-29
TD,Finviz-Value,2025-05-29
TFC,Finviz-Value,2025-05-29
TIGO,Finviz-Value,2025-05-29
TIMB,Finviz-Value,2025-05-29
TKC,Finviz-Value,2025-05-29
TLK,Finviz-Value,2025-05-29
TRTX,Finviz-Value,2025-05-29
TTI,Finviz-Value,2025-05-29
TXT,Finviz-Value,2025-05-29
UBSI,Finviz-Value,2025-05-29
UCB,Finviz-Value,2025-05-29
UFCS,Finviz-Value,2025-05-29
UGI,Finviz-Value,2025-05-29
UHS,Finviz-Value,2025-05-29
UNM,Finviz-Value,2025-05-29
UPBD,Finviz-Value,2025-05-29
USB,Finviz-Value,2025-05-29
USNA,Finviz-Value,2025-05-29
UVE,Finviz-Value,2025-05-29
UVSP,Finviz-Value,2025-05-29
VAC,Finviz-Value,2025-05-29
VALE,Finviz-Value,2025-05-29
VBTX,Finviz-Value,2025-05-29
VEL,Finviz-Value,2025-05-29
VICI,Finviz-Value,2025-05-29
VIOT,Finviz-Value,2025-05-29
VIPS,Finviz-Value,2025-05-29
VIV,Finviz-Value,2025-05-29
VLY,Finviz-Value,2025-05-29
VOYA,Finviz-Value,2025-05-29
VRNT,Finviz-Value,2025-05-29
VZ,Finviz-Value,2025-05-29
WAFD,Finviz-Value,2025-05-29
WAL,Finviz-Value,2025-05-29
WBS,Finviz-Value,2025-05-29
WCC,Finviz-Value,2025-05-29
WDH,Finviz-Value,2025-05-29
WFC,Finviz-Value,2025-05-29
WHWK,Finviz-Value,2025-05-29
WSFS,Finviz-Value,2025-05-29
WTFC,Finviz-Value,2025-05-29
WTRG,Finviz-Value,2025-05-29
XPRO,Finviz-Value,2025-05-29
YALA,Finviz-Value,2025-05-29
ZION,Finviz-Value,2025-05-29
ZTO,Finviz-Value,2025-05-29
MSFT,Yahoo-Tech,2025-05-29
NVDA,Yahoo-Tech,2025-05-29
AAPL,Yahoo-Tech,2025-05-29
AVGO,Yahoo-Tech,2025-05-29
TSM,Yahoo-Tech,2025-05-29
ORCL,Yahoo-Tech,2025-05-29
SAP,Yahoo-Tech,2025-05-29
ASML,Yahoo-Tech,2025-05-29
PLTR,Yahoo-Tech,2025-05-29
CRM,Yahoo-Tech,2025-05-29
CSCO,Yahoo-Tech,2025-05-29
IBM,Yahoo-Tech,2025-05-29
INTU,Yahoo-Tech,2025-05-29
NOW,Yahoo-Tech,2025-05-29
ACN,Yahoo-Tech,2025-05-29
AMD,Yahoo-Tech,2025-05-29
ADBE,Yahoo-Tech,2025-05-29
UBER,Yahoo-Tech,2025-05-29
TXN,Yahoo-Tech,2025-05-29
QCOM,Yahoo-Tech,2025-05-29
SONY,Yahoo-Tech,2025-05-29
SHOP,Yahoo-Tech,2025-05-29
ARM,Yahoo-Tech,2025-05-29
ADP,Yahoo-Tech,2025-05-29
AMAT,Yahoo-Tech,2025-05-29
APP,Yahoo-Tech,2025-05-29
CRWD,Yahoo-Tech,2025-05-29
ANET,Yahoo-Tech,2025-05-29
LRCX,Yahoo-Tech,2025-05-29
MU,Yahoo-Tech,2025-05-29
APH,Yahoo-Tech,2025-05-29
ADI,Yahoo-Tech,2025-05-29
KLAC,Yahoo-Tech,2025-05-29
FI,Yahoo-Tech,2025-05-29
INTC,Yahoo-Tech,2025-05-29
MSTR,Yahoo-Tech,2025-05-29
DELL,Yahoo-Tech,2025-05-29
FTNT,Yahoo-Tech,2025-05-29
CDNS,Yahoo-Tech,2025-05-29
INFY,Yahoo-Tech,2025-05-29
SNPS,Yahoo-Tech,2025-05-29
MSI,Yahoo-Tech,2025-05-29
SNOW,Yahoo-Tech,2025-05-29
WDAY,Yahoo-Tech,2025-05-29
ADSK,Yahoo-Tech,2025-05-29
PANW,Yahoo-Tech,2025-05-29
ROP,Yahoo-Tech,2025-05-29
PAYX,Yahoo-Tech,2025-05-29
NET,Yahoo-Tech,2025-05-29
MRVL,Yahoo-Tech,2025-05-29
TEAM,Yahoo-Tech,2025-05-29
NXPI,Yahoo-Tech,2025-05-29
TEL,Yahoo-Tech,2025-05-29
GLW,Yahoo-Tech,2025-05-29
FIS,Yahoo-Tech,2025-05-29
FICO,Yahoo-Tech,2025-05-29
CTSH,Yahoo-Tech,2025-05-29
DDOG,Yahoo-Tech,2025-05-29
GRMN,Yahoo-Tech,2025-05-29
ZS,Yahoo-Tech,2025-05-29
IT,Yahoo-Tech,2025-05-29
MPWR,Yahoo-Tech,2025-05-29
MCHP,Yahoo-Tech,2025-05-29
HUBS,Yahoo-Tech,2025-05-29
NOK,Yahoo-Tech,2025-05-29
ANSS,Yahoo-Tech,2025-05-29
BR,Yahoo-Tech,2025-05-29
ERIC,Yahoo-Tech,2025-05-29
KEYS,Yahoo-Tech,2025-05-29
VRSN,Yahoo-Tech,2025-05-29
IOT,Yahoo-Tech,2025-05-29
GDDY,Yahoo-Tech,2025-05-29
STX,Yahoo-Tech,2025-05-29
CHKP,Yahoo-Tech,2025-05-29
FTV,Yahoo-Tech,2025-05-29
ZM,Yahoo-Tech,2025-05-29
TYL,Yahoo-Tech,2025-05-29
CDW,Yahoo-Tech,2025-05-29
GIB,Yahoo-Tech,2025-05-29
SMCI,Yahoo-Tech,2025-05-29
HPQ,Yahoo-Tech,2025-05-29
TOST,Yahoo-Tech,2025-05-29
UI,Yahoo-Tech,2025-05-29
TDY,Yahoo-Tech,2025-05-29
CPAY,Yahoo-Tech,2025-05-29
HPE,Yahoo-Tech,2025-05-29
STM,Yahoo-Tech,2025-05-29
DUOL,Yahoo-Tech,2025-05-29
ASX,Yahoo-Tech,2025-05-29
GFS,Yahoo-Tech,2025-05-29
NTNX,Yahoo-Tech,2025-05-29
PTC,Yahoo-Tech,2025-05-29
NTAP,Yahoo-Tech,2025-05-29
SSNC,Yahoo-Tech,2025-05-29
UMC,Yahoo-Tech,2025-05-29
LDOS,Yahoo-Tech,2025-05-29
JBL,Yahoo-Tech,2025-05-29
ON,Yahoo-Tech,2025-05-29
OKTA,Yahoo-Tech,2025-05-29
WDC,Yahoo-Tech,2025-05-29
TWLO,Yahoo-Tech,2025-05-29
GWRE,Yahoo-Tech,2025-05-29
PSTG,Yahoo-Tech,2025-05-29
TRMB,Yahoo-Tech,2025-05-29
DOCU,Yahoo-Tech,2025-05-29
RBRK,Yahoo-Tech,2025-05-29
GEN,Yahoo-Tech,2025-05-29
FSLR,Yahoo-Tech,2025-05-29
CYBR,Yahoo-Tech,2025-05-29
FFIV,Yahoo-Tech,2025-05-29
AFRM,Yahoo-Tech,2025-05-29
FLEX,Yahoo-Tech,2025-05-29
DT,Yahoo-Tech,2025-05-29
KSPI,Yahoo-Tech,2025-05-29
ALAB,Yahoo-Tech,2025-05-29
ZBRA,Yahoo-Tech,2025-05-29
PAYC,Yahoo-Tech,2025-05-29
MNDY,Yahoo-Tech,2025-05-29
BSY,Yahoo-Tech,2025-05-29
CLS,Yahoo-Tech,2025-05-29
TER,Yahoo-Tech,2025-05-29
JKHY,Yahoo-Tech,2025-05-29
LOGI,Yahoo-Tech,2025-05-29
YMM,Yahoo-Tech,2025-05-29
COHR,Yahoo-Tech,2025-05-29
JNPR,Yahoo-Tech,2025-05-29
CIEN,Yahoo-Tech,2025-05-29
MANH,Yahoo-Tech,2025-05-29
AKAM,Yahoo-Tech,2025-05-29
SWKS,Yahoo-Tech,2025-05-29
ENTG,Yahoo-Tech,2025-05-29
AUR,Yahoo-Tech,2025-05-29
CRDO,Yahoo-Tech,2025-05-29
PCTY,Yahoo-Tech,2025-05-29
DOX,Yahoo-Tech,2025-05-29
NICE,Yahoo-Tech,2025-05-29
PCOR,Yahoo-Tech,2025-05-29
EPAM,Yahoo-Tech,2025-05-29
CACI,Yahoo-Tech,2025-05-29
U,Yahoo-Tech,2025-05-29
ESTC,Yahoo-Tech,2025-05-29
IONQ,Yahoo-Tech,2025-05-29
KD,Yahoo-Tech,2025-05-29
DAY,Yahoo-Tech,2025-05-29
KVYO,Yahoo-Tech,2025-05-29
MTSI,Yahoo-Tech,2025-05-29
DBX,Yahoo-Tech,2025-05-29
FOUR,Yahoo-Tech,2025-05-29
WIX,Yahoo-Tech,2025-05-29
CVLT,Yahoo-Tech,2025-05-29
G,Yahoo-Tech,2025-05-29
CFLT,Yahoo-Tech,2025-05-29
OTEX,Yahoo-Tech,2025-05-29
INFA,Yahoo-Tech,2025-05-29
GTLB,Yahoo-Tech,2025-05-29
QRVO,Yahoo-Tech,2025-05-29
SRAD,Yahoo-Tech,2025-05-29
PATH,Yahoo-Tech,2025-05-29
QXO,Yahoo-Tech,2025-05-29
PSN,Yahoo-Tech,2025-05-29
OLED,Yahoo-Tech,2025-05-29
ASTS,Yahoo-Tech,2025-05-29
OS,Yahoo-Tech,2025-05-29
LYFT,Yahoo-Tech,2025-05-29
LSCC,Yahoo-Tech,2025-05-29
ARW,Yahoo-Tech,2025-05-29
PONY,Yahoo-Tech,2025-05-29
SATS,Yahoo-Tech,2025-05-29
MKSI,Yahoo-Tech,2025-05-29
SAIC,Yahoo-Tech,2025-05-29
S,Yahoo-Tech,2025-05-29
CCCS,Yahoo-Tech,2025-05-29
IDCC,Yahoo-Tech,2025-05-29
VNT,Yahoo-Tech,2025-05-29
BOX,Yahoo-Tech,2025-05-29
WEX,Yahoo-Tech,2025-05-29
VRNS,Yahoo-Tech,2025-05-29
CGNX,Yahoo-Tech,2025-05-29
QTWO,Yahoo-Tech,2025-05-29
LFUS,Yahoo-Tech,2025-05-29
LITE,Yahoo-Tech,2025-05-29
ITRI,Yahoo-Tech,2025-05-29
QLYS,Yahoo-Tech,2025-05-29
FROG,Yahoo-Tech,2025-05-29
PAY,Yahoo-Tech,2025-05-29
EEFT,Yahoo-Tech,2025-05-29
ALGM,Yahoo-Tech,2025-05-29
